{
  "total_packages": 13,
  "supported_devices": [
    "computer",
    "tablet",
    "mobile",
    "android",
    "apple",
    "tesla",
    "zinex",
    "symbian",
    "memory_device",
    "motherboard",
    "brain_box",
    "human_robot",
    "other_gadget"
  ],
  "packages": [
    {
      "device_type": "computer",
      "created": "2026-01-07T00:38:45.982031",
      "version": "Universal",
      "files": [
        "install_computer_windows.bat",
        "install_computer_unix.sh",
        "manifest_computer.json"
      ],
      "manifest": {
        "package_name": "equity_os_computer",
        "device_type": "computer",
        "version": "Universal",
        "created": "2026-01-07T00:38:45.982335",
        "owner": "Olawale Abdul-Ganiyu",
        "files": [
          "install_computer_windows.bat",
          "install_computer_unix.sh",
          "manifest_computer.json"
        ],
        "installation_instructions": "Run install_computer_unix.sh and follow prompts",
        "requirements": [
          "Admin installation code",
          "Internet connection for AI features",
          "Storage memory (5% will be used)",
          "Compatible device: computer"
        ]
      }
    },
    {
      "device_type": "tablet",
      "created": "2026-01-07T00:38:45.982517",
      "version": "Universal",
      "files": [
        "install_tablet.sh",
        "manifest_tablet.json"
      ],
      "manifest": {
        "package_name": "equity_os_tablet",
        "device_type": "tablet",
        "version": "Universal",
        "created": "2026-01-07T00:38:45.982646",
        "owner": "Olawale Abdul-Ganiyu",
        "files": [
          "install_tablet.sh",
          "manifest_tablet.json"
        ],
        "installation_instructions": "Run install_tablet.sh and follow prompts",
        "requirements": [
          "Admin installation code",
          "Internet connection for AI features",
          "Storage memory (5% will be used)",
          "Compatible device: tablet"
        ]
      }
    },
    {
      "device_type": "mobile",
      "created": "2026-01-07T00:38:45.982774",
      "version": "Universal",
      "files": [
        "install_mobile.sh",
        "manifest_mobile.json"
      ],
      "manifest": {
        "package_name": "equity_os_mobile",
        "device_type": "mobile",
        "version": "Universal",
        "created": "2026-01-07T00:38:45.982916",
        "owner": "Olawale Abdul-Ganiyu",
        "files": [
          "install_mobile.sh",
          "manifest_mobile.json"
        ],
        "installation_instructions": "Run install_mobile.sh and follow prompts",
        "requirements": [
          "Admin installation code",
          "Internet connection for AI features",
          "Storage memory (5% will be used)",
          "Compatible device: mobile"
        ]
      }
    },
    {
      "device_type": "android",
      "created": "2026-01-07T00:38:45.983069",
      "version": "Universal",
      "files": [
        "install_android.sh",
        "manifest_android.json"
      ],
      "manifest": {
        "package_name": "equity_os_android",
        "device_type": "android",
        "version": "Universal",
        "created": "2026-01-07T00:38:45.983213",
        "owner": "Olawale Abdul-Ganiyu",
        "files": [
          "install_android.sh",
          "manifest_android.json"
        ],
        "installation_instructions": "Run install_android.sh and follow prompts",
        "requirements": [
          "Admin installation code",
          "Internet connection for AI features",
          "Storage memory (5% will be used)",
          "Compatible device: android"
        ]
      }
    },
    {
      "device_type": "apple",
      "created": "2026-01-07T00:38:45.983385",
      "version": "Universal",
      "files": [
        "install_apple.sh",
        "manifest_apple.json"
      ],
      "manifest": {
        "package_name": "equity_os_apple",
        "device_type": "apple",
        "version": "Universal",
        "created": "2026-01-07T00:38:45.983522",
        "owner": "Olawale Abdul-Ganiyu",
        "files": [
          "install_apple.sh",
          "manifest_apple.json"
        ],
        "installation_instructions": "Run install_apple.sh and follow prompts",
        "requirements": [
          "Admin installation code",
          "Internet connection for AI features",
          "Storage memory (5% will be used)",
          "Compatible device: apple"
        ]
      }
    },
    {
      "device_type": "tesla",
      "created": "2026-01-07T00:38:45.983673",
      "version": "Universal",
      "files": [
        "install_tesla.sh",
        "manifest_tesla.json"
      ],
      "manifest": {
        "package_name": "equity_os_tesla",
        "device_type": "tesla",
        "version": "Universal",
        "created": "2026-01-07T00:38:45.983807",
        "owner": "Olawale Abdul-Ganiyu",
        "files": [
          "install_tesla.sh",
          "manifest_tesla.json"
        ],
        "installation_instructions": "Run install_tesla.sh and follow prompts",
        "requirements": [
          "Admin installation code",
          "Internet connection for AI features",
          "Storage memory (5% will be used)",
          "Compatible device: tesla"
        ]
      }
    },
    {
      "device_type": "zinex",
      "created": "2026-01-07T00:38:45.983960",
      "version": "Universal",
      "files": [
        "install_zinex.sh",
        "manifest_zinex.json"
      ],
      "manifest": {
        "package_name": "equity_os_zinex",
        "device_type": "zinex",
        "version": "Universal",
        "created": "2026-01-07T00:38:45.984069",
        "owner": "Olawale Abdul-Ganiyu",
        "files": [
          "install_zinex.sh",
          "manifest_zinex.json"
        ],
        "installation_instructions": "Run install_zinex.sh and follow prompts",
        "requirements": [
          "Admin installation code",
          "Internet connection for AI features",
          "Storage memory (5% will be used)",
          "Compatible device: zinex"
        ]
      }
    },
    {
      "device_type": "symbian",
      "created": "2026-01-07T00:38:45.984288",
      "version": "Universal",
      "files": [
        "install_symbian.sh",
        "manifest_symbian.json"
      ],
      "manifest": {
        "package_name": "equity_os_symbian",
        "device_type": "symbian",
        "version": "Universal",
        "created": "2026-01-07T00:38:45.984427",
        "owner": "Olawale Abdul-Ganiyu",
        "files": [
          "install_symbian.sh",
          "manifest_symbian.json"
        ],
        "installation_instructions": "Run install_symbian.sh and follow prompts",
        "requirements": [
          "Admin installation code",
          "Internet connection for AI features",
          "Storage memory (5% will be used)",
          "Compatible device: symbian"
        ]
      }
    },
    {
      "device_type": "memory_device",
      "created": "2026-01-07T00:38:45.984571",
      "version": "Universal",
      "files": [
        "install_memory_device.sh",
        "manifest_memory_device.json"
      ],
      "manifest": {
        "package_name": "equity_os_memory_device",
        "device_type": "memory_device",
        "version": "Universal",
        "created": "2026-01-07T00:38:45.984679",
        "owner": "Olawale Abdul-Ganiyu",
        "files": [
          "install_memory_device.sh",
          "manifest_memory_device.json"
        ],
        "installation_instructions": "Run install_memory_device.sh and follow prompts",
        "requirements": [
          "Admin installation code",
          "Internet connection for AI features",
          "Storage memory (5% will be used)",
          "Compatible device: memory_device"
        ]
      }
    },
    {
      "device_type": "motherboard",
      "created": "2026-01-07T00:38:45.984801",
      "version": "Universal",
      "files": [
        "install_motherboard_windows.bat",
        "install_motherboard_unix.sh",
        "manifest_motherboard.json"
      ],
      "manifest": {
        "package_name": "equity_os_motherboard",
        "device_type": "motherboard",
        "version": "Universal",
        "created": "2026-01-07T00:38:45.985029",
        "owner": "Olawale Abdul-Ganiyu",
        "files": [
          "install_motherboard_windows.bat",
          "install_motherboard_unix.sh",
          "manifest_motherboard.json"
        ],
        "installation_instructions": "Run install_motherboard_unix.sh and follow prompts",
        "requirements": [
          "Admin installation code",
          "Internet connection for AI features",
          "Storage memory (5% will be used)",
          "Compatible device: motherboard"
        ]
      }
    },
    {
      "device_type": "brain_box",
      "created": "2026-01-07T00:38:45.985148",
      "version": "Universal",
      "files": [
        "install_brain_box.sh",
        "manifest_brain_box.json"
      ],
      "manifest": {
        "package_name": "equity_os_brain_box",
        "device_type": "brain_box",
        "version": "Universal",
        "created": "2026-01-07T00:38:45.985248",
        "owner": "Olawale Abdul-Ganiyu",
        "files": [
          "install_brain_box.sh",
          "manifest_brain_box.json"
        ],
        "installation_instructions": "Run install_brain_box.sh and follow prompts",
        "requirements": [
          "Admin installation code",
          "Internet connection for AI features",
          "Storage memory (5% will be used)",
          "Compatible device: brain_box"
        ]
      }
    },
    {
      "device_type": "human_robot",
      "created": "2026-01-07T00:38:45.985363",
      "version": "Universal",
      "files": [
        "install_human_robot.sh",
        "manifest_human_robot.json"
      ],
      "manifest": {
        "package_name": "equity_os_human_robot",
        "device_type": "human_robot",
        "version": "Universal",
        "created": "2026-01-07T00:38:45.985456",
        "owner": "Olawale Abdul-Ganiyu",
        "files": [
          "install_human_robot.sh",
          "manifest_human_robot.json"
        ],
        "installation_instructions": "Run install_human_robot.sh and follow prompts",
        "requirements": [
          "Admin installation code",
          "Internet connection for AI features",
          "Storage memory (5% will be used)",
          "Compatible device: human_robot"
        ]
      }
    },
    {
      "device_type": "other_gadget",
      "created": "2026-01-07T00:38:45.985567",
      "version": "Universal",
      "files": [
        "install_other_gadget.sh",
        "manifest_other_gadget.json"
      ],
      "manifest": {
        "package_name": "equity_os_other_gadget",
        "device_type": "other_gadget",
        "version": "Universal",
        "created": "2026-01-07T00:38:45.985663",
        "owner": "Olawale Abdul-Ganiyu",
        "files": [
          "install_other_gadget.sh",
          "manifest_other_gadget.json"
        ],
        "installation_instructions": "Run install_other_gadget.sh and follow prompts",
        "requirements": [
          "Admin installation code",
          "Internet connection for AI features",
          "Storage memory (5% will be used)",
          "Compatible device: other_gadget"
        ]
      }
    }
  ],
  "version": "Universal",
  "owner": "Olawale Abdul-Ganiyu",
  "created": "2026-01-07T00:38:45.985788"
}