{
  "export_time": "2026-01-07T00:36:12.165097",
  "total_codes": 5,
  "codes": [
    {
      "code": "3h",
      "hash": "16dc988a60fa6e4fa79aec64f1cc8bd841c1f35d1e4343b519385cc0829912b2",
      "generated_at": "2026-01-07T00:36:12.165041",
      "valid_for": "lifetime",
      "type": "admin_installation",
      "status": "active",
      "uses_remaining": 1
    },
    {
      "code": "10s",
      "hash": "7819f63beefe24e83edd23116f7b91ec06ea33ea4501f21c62d1d09b2a84cd4d",
      "generated_at": "2026-01-07T00:36:12.165048",
      "valid_for": "lifetime",
      "type": "admin_installation",
      "status": "active",
      "uses_remaining": 1
    },
    {
      "code": "1y",
      "hash": "987a4ba6e3ed7f58d01b334eead9bbc96a76a644f61faff4faa2b7b86ae5f408",
      "generated_at": "2026-01-07T00:36:12.165054",
      "valid_for": "lifetime",
      "type": "admin_installation",
      "status": "active",
      "uses_remaining": 1
    },
    {
      "code": "1q",
      "hash": "28468704900048a340139512d8cbb3c71f7837eb9802c422fcb6d0c51a74388c",
      "generated_at": "2026-01-07T00:36:12.165059",
      "valid_for": "lifetime",
      "type": "admin_installation",
      "status": "active",
      "uses_remaining": 1
    },
    {
      "code": "1a",
      "hash": "a73fcf339640929207281fb8e038884806e2eb0840f2245694dbba1d5cc89e65",
      "generated_at": "2026-01-07T00:36:12.165063",
      "valid_for": "lifetime",
      "type": "admin_installation",
      "status": "active",
      "uses_remaining": 1
    }
  ],
  "generator_version": "Universal",
  "owner": "Olawale Abdul-Ganiyu"
}